-- Base MySQL gerada a partir do arquivo: Relatorios 06-2026 - Bruto(1)
-- Total de lançamentos: 308 | Total de despesas: R$ 179.099,49
CREATE DATABASE IF NOT EXISTS cetel_financeiro CHARACTER SET utf8mb4 COLLATE utf8mb4_unicode_ci;
USE cetel_financeiro;
SET NAMES utf8mb4;
SET FOREIGN_KEY_CHECKS=0;
DROP VIEW IF EXISTS vw_gastos_por_fornecedor;
DROP VIEW IF EXISTS vw_gastos_por_categoria;
DROP VIEW IF EXISTS vw_gastos_por_cidade;
DROP TABLE IF EXISTS lancamentos;
DROP TABLE IF EXISTS fornecedores;
DROP TABLE IF EXISTS categorias;
DROP TABLE IF EXISTS usuarios;
SET FOREIGN_KEY_CHECKS=1;

CREATE TABLE categorias (
  id INT AUTO_INCREMENT PRIMARY KEY,
  nome VARCHAR(255) NOT NULL UNIQUE,
  cidade_inferida VARCHAR(120) NULL,
  created_at TIMESTAMP DEFAULT CURRENT_TIMESTAMP
) ENGINE=InnoDB DEFAULT CHARSET=utf8mb4 COLLATE=utf8mb4_unicode_ci;

CREATE TABLE fornecedores (
  id INT AUTO_INCREMENT PRIMARY KEY,
  nome VARCHAR(255) NOT NULL UNIQUE,
  tipo_doc VARCHAR(80) NULL,
  created_at TIMESTAMP DEFAULT CURRENT_TIMESTAMP
) ENGINE=InnoDB DEFAULT CHARSET=utf8mb4 COLLATE=utf8mb4_unicode_ci;

CREATE TABLE usuarios (
  id INT AUTO_INCREMENT PRIMARY KEY,
  nome VARCHAR(120) NOT NULL UNIQUE,
  created_at TIMESTAMP DEFAULT CURRENT_TIMESTAMP
) ENGINE=InnoDB DEFAULT CHARSET=utf8mb4 COLLATE=utf8mb4_unicode_ci;

CREATE TABLE lancamentos (
  id INT AUTO_INCREMENT PRIMARY KEY,
  lancamento DATE NULL,
  data_documento DATE NULL,
  recibo VARCHAR(120) NULL,
  baixa VARCHAR(50) NULL,
  data_credito DATE NULL,
  exec_baixa DATETIME NULL,
  numero VARCHAR(80) NULL,
  nosso_numero VARCHAR(80) NULL,
  historico VARCHAR(120) NULL,
  categoria_id INT NOT NULL,
  fornecedor_id INT NOT NULL,
  usuario_id INT NOT NULL,
  banco VARCHAR(120) NULL,
  valor DECIMAL(12,2) NOT NULL DEFAULT 0.00,
  cidade_inferida VARCHAR(120) NULL,
  origem_arquivo VARCHAR(255) NULL,
  created_at TIMESTAMP DEFAULT CURRENT_TIMESTAMP,
  CONSTRAINT fk_lancamentos_categoria FOREIGN KEY (categoria_id) REFERENCES categorias(id),
  CONSTRAINT fk_lancamentos_fornecedor FOREIGN KEY (fornecedor_id) REFERENCES fornecedores(id),
  CONSTRAINT fk_lancamentos_usuario FOREIGN KEY (usuario_id) REFERENCES usuarios(id),
  INDEX idx_lancamentos_data (lancamento),
  INDEX idx_lancamentos_categoria (categoria_id),
  INDEX idx_lancamentos_fornecedor (fornecedor_id),
  INDEX idx_lancamentos_usuario (usuario_id),
  INDEX idx_lancamentos_cidade (cidade_inferida)
) ENGINE=InnoDB DEFAULT CHARSET=utf8mb4 COLLATE=utf8mb4_unicode_ci;

INSERT INTO categorias (id, nome, cidade_inferida) VALUES
(1, 'SERVIÇO TARIFAS BANCARIAS', NULL),
(2, 'ÁGUA PARA CONSUMO - POTENGI', 'Potengi'),
(3, 'PESSOAL PRÓ - LABORE', 'Labore'),
(4, 'LAVAGEM DOS VEÍCULOS', NULL),
(5, 'ÁGUA PARA CONSUMO - ASSARÉ', 'Assaré'),
(6, 'MATERIAL DE EXPEDIENTE ESCRITÓRIO - ASSARÉ', 'Assaré'),
(7, 'GELO', NULL),
(8, 'FORNECEDOR DE MATERIAL OPERACIONAL', NULL),
(9, 'INSETICIDAS', NULL),
(10, 'VIGIAS', NULL),
(11, 'MATERIAL DE EXPEDIENTE ESCRITORIO - POTENGI', 'Potengi'),
(12, 'INSUMOS', NULL),
(13, 'TROCA DE ÓLEO MOTO FACTOR PRETA POY 9538', NULL),
(14, 'ALIMENTAÇÃO', NULL),
(15, 'ÁGUA CAGECE', NULL),
(16, 'MÃO DE OBRA DIVERSA', NULL),
(17, 'COMBUSTIVEIS', NULL),
(18, 'BORRACHARIA - TROCA DE PNEU', 'Troca De Pneu'),
(19, 'BORRACHARIA - REMENDO', 'Remendo'),
(20, 'TELEFONE MOVEL', NULL),
(21, 'MANUTENÇÃO FIAT UNO AZUL HWM 4177', NULL),
(22, 'ÁGUA DO TAMBOR', NULL),
(23, 'MANUTENÇÃO MOTO FACTOR PRETA POY 9538', NULL),
(24, 'EMPRESTIMO', NULL),
(25, 'FORNECEDOR SERVIÇOS DE MAO DE OBRAS', NULL),
(26, 'COMBUSTÍVEL MOTO POP OSL 3819', NULL),
(27, 'ÁGUA PARA CONSUMO - TARRAFAS', 'Tarrafas'),
(28, 'MATERIAL DE LIMPEZA - TARRAFAS', 'Tarrafas'),
(29, 'LANCHE', NULL),
(30, 'LICENCIAMENTO E SEGURO DPVAT', NULL),
(31, 'SISTEMAS DE GESTÃO', NULL),
(32, 'SVA- SERVIÇO DE VALOR ADICIONADO', NULL),
(33, 'CONSULTORIA', NULL),
(34, 'COMBUSTÍVEL FIAT UNO PRATA HXC 4606', NULL),
(35, 'COMBUSTÍVEL MOTO BROS PMN 5074', NULL),
(36, 'COMPRA DE VEÍCULO', NULL),
(37, 'IPVA', NULL),
(38, 'MATERIAL DE EXPEDIENTE ESCRITÓRIO - TARRAFAS', 'Tarrafas'),
(39, 'MANUTENÇÃO FIAT UNO BRANCO KIO 1061', NULL),
(40, 'DAE - DOCUMENTO DE ARRECADAÇÃO ESTADUAL', 'Documento De Arrecadação Estadual'),
(41, 'COMISSÃO DE VENDAS', NULL),
(42, 'MATERIAL DE LIMPEZA -POTENGI', NULL),
(43, 'FORNECEDOR DE SERVIÇO DE LINK', NULL),
(44, 'COMBUSTÍVEL MOTO FACTOR BRANCA PNR 3141', NULL),
(45, 'ALUGUEIS', NULL),
(46, 'CONCERTO DA IMPRESSORA', NULL),
(47, 'UNIFORMES', NULL),
(48, 'MANUTENÇÃO MOTO HONDA/XLR 125', NULL),
(49, 'PILHAS', NULL),
(50, 'CRT02 - TRT', 'Trt'),
(51, 'FRETE', NULL),
(52, 'PESSOAL FGTS', NULL),
(53, 'PESSOAL. INSS', NULL),
(54, 'FITA ISOLANTE - TARRAFAS', 'Tarrafas'),
(55, 'CAFÉ DA MANHÃ', NULL),
(56, 'MATERIAL DE LIMPEZA - ASSARÉ', 'Assaré'),
(57, 'LICENÇA', NULL),
(58, 'REGISTRO BR', NULL),
(59, 'IMPOSTOS DAS SIMPLES NACIONAL', NULL),
(60, 'PESSOAL ADIANTAMENTO DE SALARIO', NULL),
(61, 'LICITAÇÃO', NULL),
(62, 'MANUTENÇÃO MOTO FACTOR BRANCA PNR 3141', NULL),
(63, 'MANUTENÇÃO FIAT UNO PRATA HXC 4606', NULL),
(64, 'PARCELAMENTO DE VEÍCULO', NULL),
(65, 'CARTÃO DE CREDITO', NULL),
(66, 'MARKETING E DESENVOLVIMENTO', NULL),
(67, 'FERRAMENTAS PARA TRABALHO TECNICO', NULL),
(68, 'CERTIFICADOS', NULL),
(69, 'PESSOAL 1/3 DAS FERIAS', NULL),
(70, 'EQUIPAMENTO', NULL),
(71, 'FORNECEDOR SERVIÇO DE ENERGIA', NULL),
(72, 'ASSESSORIA JURÍDICA', NULL),
(73, 'PESSOAL TECNICO AVANÇADO', NULL),
(74, 'COLABORADORES EXTERNOS', NULL),
(75, 'PESSOAL AJUDA DE CUSTO', NULL),
(76, 'PEÇAS PARA OS VEÍCULOS', NULL),
(77, 'MANUTENÇÃO DAS MOTOS', NULL),
(78, 'MENSALIDADE DE INTERNET', NULL);

INSERT INTO fornecedores (id, nome, tipo_doc) VALUES
(1, 'BANCO BRADESCO', 'Fornecedor'),
(2, 'VALDENÍ AMORIM DE ANDRADE', 'Fornecedor'),
(3, 'ANTONIO NIZETE ALVES RODRIGUES', 'Fornecedor'),
(4, 'FORNECEDOR DE SERVIÇOS DIVERSOS', 'Fornecedor'),
(5, 'MERCANTIL NOSSA SENHORA DA PENHA', 'Fornecedor'),
(6, 'DIPROSEG COMERCIO EQUIPAMENTOS DE INFORMÁTICA E SEGURANÇA LTDA', 'Fornecedor'),
(7, 'BANCO DO BRASIL', 'Fornecedor'),
(8, 'TETA', 'Fornecedor'),
(9, 'FALCÃO VIGILANCIA', 'Fornecedor'),
(10, 'CHURRASCARIA PORTAL DO CHURRASCO', 'Fornecedor'),
(11, 'CAGECE', 'Fornecedor'),
(12, 'JEANE RODRIGUES DA SILVA', 'Fornecedor'),
(13, 'AUTO POSTO UNIÃO', 'Fornecedor'),
(14, 'LUIZA MOREIRA LOURO', 'Fornecedor'),
(15, 'CLARO', 'Fornecedor'),
(16, 'CICERO NEILSON PEREIRA EUFRASIO DE SANTANA', 'Fornecedor'),
(17, 'CICERO RAEL SERGIO FEITOZA', 'Fornecedor'),
(18, 'GUILHERME MARTINS DA SILVA', 'Fornecedor'),
(19, 'JOSEVANIA MARIA DOS SANTOS EMIDIO', 'Fornecedor'),
(20, 'RODRIGO AGOSTINHO DA SILVA', 'Fornecedor'),
(21, 'VERA LÚCIA ALVES DE OLIVEIRA', 'Fornecedor'),
(22, 'KESIO WIUSTON ALVES DE OLIVEIRA', 'Fornecedor'),
(23, 'FRANCISCO CLAUDIEL ALVES DOS SANTOS', 'Fornecedor'),
(24, 'MARIA CILMARA DUARTE ANDRADE', 'Fornecedor'),
(25, 'JOSÉ TIAGO RODRIGUES DE SOUZA', 'Fornecedor'),
(26, 'REGILANIA NECO DE MORAIS', 'Fornecedor'),
(27, 'RONYS MISSIAS ALVES DA SILVA', 'Fornecedor'),
(28, 'VAGNER ISMAEL DA SILVA', 'Fornecedor'),
(29, 'ANTONIA ROSANA ALENCAR DE SOUSA', 'Fornecedor'),
(30, 'CICERO ERUELISON FERREIRA DOS SANTOS', 'Fornecedor'),
(31, 'JAMILE CLEMENTE DOS SANTOS', 'Fornecedor'),
(32, 'JONAS GUEDES COSTA', 'Fornecedor'),
(33, 'RIBINHA CHURRASCARIA', 'Fornecedor'),
(34, 'JHON KENNEDY FEITOSA SARAIVA', 'Fornecedor'),
(35, 'WILSON MARROCOS LEITE', 'Fornecedor'),
(36, 'DETRAN CE', 'Fornecedor'),
(37, 'RBXSOFT CORPORATION INFORMATICA LTDA', 'Fornecedor'),
(38, 'TIAGO OLIVEIRA SILVA', 'Fornecedor'),
(39, 'BFX CONSULTORIA EMPRESARIAL', 'Fornecedor'),
(40, 'LAILA LUISE REBOUÇAS LIMA', 'Fornecedor'),
(41, 'JUAÇO PETROLEO LTDA', 'Fornecedor'),
(42, 'JOÃOZINHO MULTIMARCAS LTDA', 'Fornecedor'),
(43, 'GOVERNO DO ESTADO DO CEARÁ', 'Fornecedor'),
(44, 'ACESSO SIMPLES LTDA', 'Fornecedor'),
(45, 'ABRINT ASSOC.BRAS.DE PROVEDORES DE INTERNET E TELEC', 'Fornecedor'),
(46, 'ANTONIO ALVES DE SOUSA - BIN', 'Fornecedor'),
(47, 'ANTÔNIA DIVANESIA LIMA DOS SANTOS', 'Fornecedor'),
(48, 'CICERA JOANA DA CONCEIÇÃO MATIAS', 'Fornecedor'),
(49, 'EDGLER SÃO SEBASTIÃO', 'Fornecedor'),
(50, 'LORENA ALAGOINHA', 'Fornecedor'),
(51, 'SAMUEL BARBOSA DE LIMA', 'Fornecedor'),
(52, 'IVAN PLACIDO GOIS', 'Fornecedor'),
(53, 'COMERCIAL BRASIL DISTRIBUIDORA LTDA', 'Fornecedor'),
(54, 'SEFAZ - SECRETARIA DA FAZENDA', 'Fornecedor'),
(55, 'CONSELHO REGIONAL DOS TÉCNICOS INDUSTRIAIS 02', 'Fornecedor'),
(56, 'PREVIDÊNCIA SOCIAL', 'Fornecedor'),
(57, 'RECEITA FEDERAL', 'Fornecedor'),
(58, 'LAINE ALVES GREGÓRIO', 'Fornecedor'),
(59, 'NIC BR', 'Fornecedor'),
(60, 'AURORA TELECOM LTDA', 'Fornecedor'),
(61, 'DB3 SERVIÇOS DE TELECOMUNICAÇÕES LTDA', 'Fornecedor'),
(62, 'TIP BRASIL', 'Fornecedor'),
(63, 'WINS MARKETING AGENCIA CRIATIVA', 'Fornecedor'),
(64, 'ZAPISP DESENVOLVIMENTO E LICENCIAMENTO DE SOFTWARES LTDA', 'Fornecedor'),
(65, 'AMAZON', 'Fornecedor'),
(66, 'SILVIA VALERIA SOARES BANTIM DE SOUZA', 'Fornecedor'),
(67, 'MATEUS MENDES PINHEIRO ME', 'Fornecedor'),
(68, 'CELETI', 'Fornecedor'),
(69, 'FRANCISCO EDILBERTO CANUTO GOIS', 'Fornecedor'),
(70, 'GRUPO COMPLETTA TELECOM', 'Fornecedor'),
(71, 'COMPANHIA ENERGÉTICA DO CEARÁ', 'Fornecedor'),
(72, 'RAHAMON FREIRE DE SOUSA BEZERRA - SOCIEDADE INDIVIDUAL DE ADVOCACIA', 'Fornecedor'),
(73, 'JOSÉ ADEILTON FERREIRA JUNIOR', 'Fornecedor'),
(74, 'MICHEL CARDOSO DE OLIVEIRA', 'Fornecedor'),
(75, 'PALOMA DIAS ALENCAR', 'Fornecedor'),
(76, 'ANTONIO AGNALDO DA SILVA', 'Fornecedor'),
(77, 'ANTONIO CESAR NUNES MACEDO', 'Fornecedor'),
(78, 'MANUEL EDINEIDE ALVES RODRIGUES', 'Fornecedor'),
(79, 'IN9VE INFORMATICA E PAPELARIA LTDA', 'Fornecedor');

INSERT INTO usuarios (id, nome) VALUES
(1, 'verinha'),
(2, 'kesio'),
(3, 'josa');

INSERT INTO lancamentos (id, lancamento, data_documento, recibo, baixa, data_credito, exec_baixa, numero, nosso_numero, historico, categoria_id, fornecedor_id, usuario_id, banco, valor, cidade_inferida, origem_arquivo) VALUES
(1, '2026-06-01', '2026-06-01', NULL, '0', '2026-06-01', '2026-06-01 13:26:20', '26.804', '0', 'Pagamento', 1, 1, 1, NULL, 73.80, NULL, 'Relatorios 06-2026 - Bruto(1)'),
(2, '2026-06-01', '2026-06-01', NULL, '0', '2026-06-01', '2026-06-01 15:25:37', '26.806', '0', 'Pagamento', 2, 2, 1, NULL, 10.00, 'Potengi', 'Relatorios 06-2026 - Bruto(1)'),
(3, '2026-06-01', '2026-06-01', NULL, '0', '2026-06-01', '2026-06-01 16:59:30', '26.807', '0', 'Pagamento', 3, 3, 2, NULL, 170.00, 'Labore', 'Relatorios 06-2026 - Bruto(1)'),
(4, '2026-06-01', '2026-06-01', NULL, '0', '2026-06-01', '2026-06-01 16:59:50', '26.808', '0', 'Pagamento', 3, 3, 2, NULL, 157.00, 'Labore', 'Relatorios 06-2026 - Bruto(1)'),
(5, '2026-06-01', '2026-06-01', NULL, '0', '2026-06-01', '2026-06-01 17:00:42', '26.809', '0', 'Pagamento', 3, 3, 2, NULL, 50.00, 'Labore', 'Relatorios 06-2026 - Bruto(1)'),
(6, '2026-06-01', '2026-06-01', NULL, '0', '2026-06-01', '2026-06-01 17:01:06', '26.810', '0', 'Pagamento', 4, 4, 2, NULL, 60.00, NULL, 'Relatorios 06-2026 - Bruto(1)'),
(7, '2026-06-01', '2026-06-01', NULL, '0', '2026-06-01', '2026-06-01 17:03:52', '26.811', '0', 'Pagamento', 5, 5, 2, NULL, 10.00, 'Assaré', 'Relatorios 06-2026 - Bruto(1)'),
(8, '2026-06-01', '2026-06-01', NULL, '0', '2026-06-01', '2026-06-01 17:04:14', '26.812', '0', 'Pagamento', 6, 5, 2, NULL, 5.99, 'Assaré', 'Relatorios 06-2026 - Bruto(1)'),
(9, '2026-06-01', '2026-06-01', NULL, '0', '2026-06-01', '2026-06-01 17:04:31', '26.813', '0', 'Pagamento', 7, 5, 2, NULL, 5.00, NULL, 'Relatorios 06-2026 - Bruto(1)'),
(10, '2026-06-02', '2026-06-02', NULL, '0', '2026-06-02', '2026-06-02 16:17:31', '25.920', '0', 'Pagamento', 8, 6, 1, NULL, 1416.66, NULL, 'Relatorios 06-2026 - Bruto(1)'),
(11, '2026-06-02', '2026-06-02', NULL, '0', '2026-06-02', '2026-06-02 10:58:33', '26.814', '0', 'Pagamento', 1, 7, 1, NULL, 3.00, NULL, 'Relatorios 06-2026 - Bruto(1)'),
(12, '2026-06-02', '2026-06-02', NULL, '0', '2026-06-02', '2026-06-02 10:56:23', '26.815', '0', 'Pagamento', 9, 8, 1, NULL, 14.00, NULL, 'Relatorios 06-2026 - Bruto(1)'),
(13, '2026-06-02', '2026-06-02', NULL, '0', '2026-06-02', '2026-06-02 11:56:58', '26.817', '0', 'Pagamento', 10, 9, 1, NULL, 40.00, NULL, 'Relatorios 06-2026 - Bruto(1)'),
(14, '2026-06-02', '2026-06-02', NULL, '0', '2026-06-02', '2026-06-02 16:43:08', '26.818', '0', 'Pagamento', 11, 2, 3, NULL, 37.50, 'Potengi', 'Relatorios 06-2026 - Bruto(1)'),
(15, '2026-06-02', '2026-06-02', NULL, '0', '2026-06-02', '2026-06-02 16:58:03', '26.819', '0', 'Pagamento', 12, 8, 2, NULL, 8.50, NULL, 'Relatorios 06-2026 - Bruto(1)'),
(16, '2026-06-02', '2026-06-02', NULL, '0', '2026-06-02', '2026-06-02 16:58:22', '26.820', '0', 'Pagamento', 3, 3, 2, NULL, 93.00, 'Labore', 'Relatorios 06-2026 - Bruto(1)'),
(17, '2026-06-03', '2026-06-03', NULL, '0', '2026-06-03', '2026-06-03 13:30:40', '26.822', '0', 'Pagamento', 8, 6, 1, NULL, 1634.64, NULL, 'Relatorios 06-2026 - Bruto(1)'),
(18, '2026-06-03', '2026-06-03', NULL, '0', '2026-06-03', '2026-06-03 13:33:14', '26.823', '0', 'Pagamento', 1, 7, 1, NULL, 1.00, NULL, 'Relatorios 06-2026 - Bruto(1)'),
(19, '2026-06-03', '2026-06-03', NULL, '0', '2026-06-03', '2026-06-03 14:41:09', '26.824', '0', 'Pagamento', 13, 4, 1, NULL, 36.00, NULL, 'Relatorios 06-2026 - Bruto(1)'),
(20, '2026-06-03', '2026-06-03', NULL, '0', '2026-06-03', '2026-06-03 15:45:54', '26.826', '0', 'Pagamento', 14, 10, 1, NULL, 25.00, NULL, 'Relatorios 06-2026 - Bruto(1)'),
(21, '2026-06-03', '2026-06-03', NULL, '0', '2026-06-03', '2026-06-03 15:46:15', '26.827', '0', 'Pagamento', 12, 8, 1, NULL, 23.80, NULL, 'Relatorios 06-2026 - Bruto(1)'),
(22, '2026-06-03', '2026-06-03', NULL, '0', '2026-06-03', '2026-06-03 16:48:54', '26.830', '0', 'Pagamento', 3, 3, 2, NULL, 65.00, 'Labore', 'Relatorios 06-2026 - Bruto(1)'),
(23, '2026-06-03', '2026-06-03', NULL, '0', '2026-06-03', '2026-06-03 16:49:37', '26.831', '0', 'Pagamento', 3, 3, 2, NULL, 80.00, 'Labore', 'Relatorios 06-2026 - Bruto(1)'),
(24, '2026-06-05', '2026-06-05', NULL, '0', '2026-06-05', '2026-06-05 15:19:58', '26.769', '0', 'Pagamento', 15, 11, 1, NULL, 48.80, NULL, 'Relatorios 06-2026 - Bruto(1)'),
(25, '2026-06-05', '2026-06-05', NULL, '0', '2026-06-05', '2026-06-05 13:56:50', '26.828', '0', 'Pagamento', 16, 12, 1, NULL, 100.00, NULL, 'Relatorios 06-2026 - Bruto(1)'),
(26, '2026-06-05', '2026-06-05', NULL, '0', '2026-06-05', '2026-06-05 13:56:09', '26.832', '0', 'Pagamento', 17, 13, 1, NULL, 2330.00, NULL, 'Relatorios 06-2026 - Bruto(1)'),
(27, '2026-06-05', '2026-06-05', NULL, '0', '2026-06-05', '2026-06-05 13:55:22', '26.834', '0', 'Pagamento', 18, 4, 1, NULL, 40.00, 'Troca De Pneu', 'Relatorios 06-2026 - Bruto(1)'),
(28, '2026-06-05', '2026-06-05', NULL, '0', '2026-06-05', '2026-06-05 13:55:00', '26.835', '0', 'Pagamento', 19, 4, 1, NULL, 45.00, 'Remendo', 'Relatorios 06-2026 - Bruto(1)'),
(29, '2026-06-05', '2026-06-05', NULL, '0', '2026-06-05', '2026-06-05 16:47:18', '26.837', '0', 'Pagamento', 9, 14, 1, NULL, 15.00, NULL, 'Relatorios 06-2026 - Bruto(1)'),
(30, '2026-06-05', '2026-06-05', NULL, '0', '2026-06-05', '2026-06-05 16:47:39', '26.838', '0', 'Pagamento', 20, 15, 1, NULL, 105.00, NULL, 'Relatorios 06-2026 - Bruto(1)'),
(31, '2026-06-05', '2026-06-05', NULL, '0', '2026-06-05', '2026-06-05 17:05:48', '26.839', '0', 'Pagamento', 21, 4, 1, NULL, 518.00, NULL, 'Relatorios 06-2026 - Bruto(1)'),
(32, '2026-06-05', '2026-06-05', NULL, '0', '2026-06-05', '2026-06-05 17:20:46', '26.840', '0', 'Pagamento', 3, 3, 2, NULL, 100.00, 'Labore', 'Relatorios 06-2026 - Bruto(1)'),
(33, '2026-06-05', '2026-06-05', NULL, '0', '2026-06-05', '2026-06-05 17:21:07', '26.841', '0', 'Pagamento', 3, 3, 2, NULL, 490.00, 'Labore', 'Relatorios 06-2026 - Bruto(1)'),
(34, '2026-06-05', '2026-06-05', NULL, '0', '2026-06-05', '2026-06-05 17:21:52', '26.842', '0', 'Pagamento', 3, 3, 2, NULL, 1360.00, 'Labore', 'Relatorios 06-2026 - Bruto(1)'),
(35, '2026-06-05', '2026-06-05', NULL, '0', '2026-06-05', '2026-06-05 17:22:13', '26.843', '0', 'Pagamento', 3, 3, 2, NULL, 95.08, 'Labore', 'Relatorios 06-2026 - Bruto(1)'),
(36, '2026-06-06', '2026-06-06', NULL, '0', '2026-06-06', '2026-06-06 09:03:12', '26.844', '0', 'Pagamento', 11, 2, 3, NULL, 29.75, 'Potengi', 'Relatorios 06-2026 - Bruto(1)'),
(37, '2026-06-06', '2026-06-06', NULL, '0', '2026-06-06', '2026-06-06 10:40:20', '26.845', '0', 'Pagamento', 22, 4, 3, NULL, 9.00, NULL, 'Relatorios 06-2026 - Bruto(1)'),
(38, '2026-06-06', '2026-06-06', NULL, '0', '2026-06-06', '2026-06-06 09:43:08', '26.846', '0', 'Pagamento', 2, 2, 3, NULL, 11.00, 'Potengi', 'Relatorios 06-2026 - Bruto(1)'),
(39, '2026-06-06', '2026-06-06', NULL, '0', '2026-06-06', '2026-06-06 11:19:14', '26.847', '0', 'Pagamento', 23, 4, 3, NULL, 40.00, NULL, 'Relatorios 06-2026 - Bruto(1)'),
(40, '2026-06-06', '2026-06-06', NULL, '0', '2026-06-06', '2026-06-06 11:59:42', '26.848', '0', 'Pagamento', 3, 3, 3, NULL, 60.00, 'Labore', 'Relatorios 06-2026 - Bruto(1)'),
(41, '2026-06-06', '2026-06-06', NULL, '0', '2026-06-06', '2026-06-06 12:27:56', '26.849', '0', 'Pagamento', 3, 3, 3, NULL, 75.00, 'Labore', 'Relatorios 06-2026 - Bruto(1)'),
(42, '2026-06-08', '2026-06-08', NULL, '0', '2026-06-08', '2026-06-08 11:16:45', '26.821', '0', 'Pagamento', 24, 1, 1, NULL, 4257.79, NULL, 'Relatorios 06-2026 - Bruto(1)'),
(43, '2026-06-08', '2026-06-08', NULL, '0', '2026-06-08', '2026-06-08 13:57:05', '26.851', '0', 'Pagamento', 25, 16, 1, NULL, 1941.97, NULL, 'Relatorios 06-2026 - Bruto(1)'),
(44, '2026-06-08', '2026-06-08', NULL, '0', '2026-06-08', '2026-06-08 13:57:40', '26.852', '0', 'Pagamento', 25, 17, 1, NULL, 2300.00, NULL, 'Relatorios 06-2026 - Bruto(1)'),
(45, '2026-06-08', '2026-06-08', NULL, '0', '2026-06-08', '2026-06-08 13:58:17', '26.853', '0', 'Pagamento', 25, 18, 1, NULL, 741.97, NULL, 'Relatorios 06-2026 - Bruto(1)'),
(46, '2026-06-08', '2026-06-08', NULL, '0', '2026-06-08', '2026-06-08 13:59:24', '26.854', '0', 'Pagamento', 25, 19, 1, NULL, 995.55, NULL, 'Relatorios 06-2026 - Bruto(1)'),
(47, '2026-06-08', '2026-06-08', NULL, '0', '2026-06-08', '2026-06-08 13:59:55', '26.855', '0', 'Pagamento', 25, 20, 1, NULL, 638.54, NULL, 'Relatorios 06-2026 - Bruto(1)'),
(48, '2026-06-08', '2026-06-08', NULL, '0', '2026-06-08', '2026-06-08 14:00:21', '26.856', '0', 'Pagamento', 25, 21, 1, NULL, 895.28, NULL, 'Relatorios 06-2026 - Bruto(1)'),
(49, '2026-06-08', '2026-06-08', NULL, '0', '2026-06-08', '2026-06-08 14:06:03', '26.857', '0', 'Pagamento', 25, 22, 1, NULL, 775.41, NULL, 'Relatorios 06-2026 - Bruto(1)'),
(50, '2026-06-08', '2026-06-08', NULL, '0', '2026-06-08', '2026-06-08 14:07:06', '26.858', '0', 'Pagamento', 25, 23, 1, NULL, 1941.97, NULL, 'Relatorios 06-2026 - Bruto(1)'),
(51, '2026-06-08', '2026-06-08', NULL, '0', '2026-06-08', '2026-06-08 15:14:36', '26.859', '0', 'Pagamento', 25, 24, 1, NULL, 300.00, NULL, 'Relatorios 06-2026 - Bruto(1)'),
(52, '2026-06-08', '2026-06-08', NULL, '0', '2026-06-08', '2026-06-08 14:54:03', '26.860', '0', 'Pagamento', 25, 25, 1, NULL, 1941.97, NULL, 'Relatorios 06-2026 - Bruto(1)'),
(53, '2026-06-08', '2026-06-08', NULL, '0', '2026-06-08', '2026-06-08 15:10:05', '26.861', '0', 'Pagamento', 25, 26, 1, NULL, 1234.51, NULL, 'Relatorios 06-2026 - Bruto(1)'),
(54, '2026-06-08', '2026-06-08', NULL, '0', '2026-06-08', '2026-06-08 15:09:25', '26.862', '0', 'Pagamento', 25, 27, 1, NULL, 2623.40, NULL, 'Relatorios 06-2026 - Bruto(1)'),
(55, '2026-06-08', '2026-06-08', NULL, '0', '2026-06-08', '2026-06-08 15:11:06', '26.863', '0', 'Pagamento', 25, 28, 1, NULL, 1941.97, NULL, 'Relatorios 06-2026 - Bruto(1)'),
(56, '2026-06-08', '2026-06-08', NULL, '0', '2026-06-08', '2026-06-08 15:00:33', '26.864', '0', 'Pagamento', 25, 29, 1, NULL, 899.43, NULL, 'Relatorios 06-2026 - Bruto(1)'),
(57, '2026-06-08', '2026-06-08', NULL, '0', '2026-06-08', '2026-06-08 15:13:27', '26.865', '0', 'Pagamento', 25, 30, 1, NULL, 1941.97, NULL, 'Relatorios 06-2026 - Bruto(1)'),
(58, '2026-06-08', '2026-06-08', NULL, '0', '2026-06-08', '2026-06-08 15:01:38', '26.866', '0', 'Pagamento', 25, 31, 1, NULL, 871.00, NULL, 'Relatorios 06-2026 - Bruto(1)'),
(59, '2026-06-08', '2026-06-08', NULL, '0', '2026-06-08', '2026-06-08 15:03:17', '26.867', '0', 'Pagamento', 25, 32, 1, NULL, 1621.00, NULL, 'Relatorios 06-2026 - Bruto(1)'),
(60, '2026-06-08', '2026-06-08', NULL, '0', '2026-06-08', '2026-06-08 11:18:31', '26.868', '0', 'Pagamento', 26, 13, 1, NULL, 22.00, NULL, 'Relatorios 06-2026 - Bruto(1)'),
(61, '2026-06-08', '2026-06-08', NULL, '0', '2026-06-08', '2026-06-08 13:41:26', '26.869', '0', 'Pagamento', 1, 7, 1, NULL, 2.00, NULL, 'Relatorios 06-2026 - Bruto(1)'),
(62, '2026-06-08', '2026-06-08', NULL, '0', '2026-06-08', '2026-06-08 13:40:58', '26.870', '0', 'Pagamento', 14, 33, 1, NULL, 57.00, NULL, 'Relatorios 06-2026 - Bruto(1)'),
(63, '2026-06-08', '2026-06-08', NULL, '0', '2026-06-08', '2026-06-08 14:07:51', '26.871', '0', 'Pagamento', 25, 34, 1, NULL, 1864.15, NULL, 'Relatorios 06-2026 - Bruto(1)'),
(64, '2026-06-08', '2026-06-08', NULL, '0', '2026-06-08', '2026-06-08 14:08:22', '26.872', '0', 'Pagamento', 25, 35, 1, NULL, 500.00, NULL, 'Relatorios 06-2026 - Bruto(1)'),
(65, '2026-06-08', '2026-06-08', NULL, '0', '2026-06-08', '2026-06-08 14:28:58', '26.873', '0', 'Pagamento', 11, 2, 2, NULL, 11.70, 'Potengi', 'Relatorios 06-2026 - Bruto(1)'),
(66, '2026-06-08', '2026-06-08', NULL, '0', '2026-06-08', '2026-06-08 16:23:17', '26.874', '0', 'Pagamento', 27, 14, 1, NULL, 7.50, 'Tarrafas', 'Relatorios 06-2026 - Bruto(1)'),
(67, '2026-06-08', '2026-06-08', NULL, '0', '2026-06-08', '2026-06-08 17:10:00', '26.876', '0', 'Pagamento', 3, 3, 2, NULL, 45.00, 'Labore', 'Relatorios 06-2026 - Bruto(1)'),
(68, '2026-06-08', '2026-06-08', NULL, '0', '2026-06-08', '2026-06-08 17:10:20', '26.877', '0', 'Pagamento', 3, 3, 2, NULL, 319.00, 'Labore', 'Relatorios 06-2026 - Bruto(1)'),
(69, '2026-06-09', '2026-06-09', NULL, '0', '2026-06-09', '2026-06-09 10:35:34', '26.878', '0', 'Pagamento', 1, 7, 1, NULL, 18.30, NULL, 'Relatorios 06-2026 - Bruto(1)'),
(70, '2026-06-09', '2026-06-09', NULL, '0', '2026-06-09', '2026-06-09 13:30:44', '26.880', '0', 'Pagamento', 28, 14, 1, NULL, 28.39, 'Tarrafas', 'Relatorios 06-2026 - Bruto(1)'),
(71, '2026-06-09', '2026-06-09', NULL, '0', '2026-06-09', '2026-06-09 16:39:36', '26.884', '0', 'Pagamento', 29, 4, 1, NULL, 25.00, NULL, 'Relatorios 06-2026 - Bruto(1)'),
(72, '2026-06-09', '2026-06-09', NULL, '0', '2026-06-09', '2026-06-09 16:51:53', '26.885', '0', 'Pagamento', 3, 3, 2, NULL, 80.00, 'Labore', 'Relatorios 06-2026 - Bruto(1)'),
(73, '2026-06-09', '2026-06-09', NULL, '0', '2026-06-09', '2026-06-09 16:55:23', '26.886', '0', 'Pagamento', 3, 3, 2, NULL, 20.00, 'Labore', 'Relatorios 06-2026 - Bruto(1)'),
(74, '2026-06-10', '2026-06-10', NULL, '0', '2026-06-10', '2026-06-10 14:52:23', '26.805', '0', 'Pagamento', 30, 36, 1, NULL, 188.96, NULL, 'Relatorios 06-2026 - Bruto(1)'),
(75, '2026-06-10', '2026-06-10', NULL, '0', '2026-06-10', '2026-06-10 14:45:09', '26.825', '0', 'Pagamento', 31, 37, 1, NULL, 1182.00, NULL, 'Relatorios 06-2026 - Bruto(1)'),
(76, '2026-06-10', '2026-06-10', NULL, '0', '2026-06-10', '2026-06-10 14:14:44', '26.829', '0', 'Pagamento', 32, 38, 1, NULL, 1000.00, NULL, 'Relatorios 06-2026 - Bruto(1)'),
(77, '2026-06-10', '2026-06-10', NULL, '0', '2026-06-10', '2026-06-10 14:44:19', '26.836', '0', 'Pagamento', 33, 39, 1, NULL, 1185.00, NULL, 'Relatorios 06-2026 - Bruto(1)'),
(78, '2026-06-10', '2026-06-10', NULL, '0', '2026-06-10', '2026-06-10 14:52:46', '26.883', '0', 'Pagamento', 33, 40, 1, NULL, 500.00, NULL, 'Relatorios 06-2026 - Bruto(1)'),
(79, '2026-06-10', '2026-06-10', NULL, '0', '2026-06-10', '2026-06-10 14:06:10', '26.888', '0', 'Pagamento', 1, 7, 1, NULL, 159.20, NULL, 'Relatorios 06-2026 - Bruto(1)'),
(80, '2026-06-10', '2026-06-10', NULL, '0', '2026-06-10', '2026-06-10 14:06:32', '26.889', '0', 'Pagamento', 2, 2, 1, NULL, 10.00, 'Potengi', 'Relatorios 06-2026 - Bruto(1)'),
(81, '2026-06-10', '2026-06-10', NULL, '0', '2026-06-10', '2026-06-10 15:06:02', '26.890', '0', 'Pagamento', 12, 8, 1, NULL, 5.00, NULL, 'Relatorios 06-2026 - Bruto(1)'),
(82, '2026-06-10', '2026-06-10', NULL, '0', '2026-06-10', '2026-06-10 16:46:04', '26.891', '0', 'Pagamento', 3, 3, 2, NULL, 1700.00, 'Labore', 'Relatorios 06-2026 - Bruto(1)'),
(83, '2026-06-10', '2026-06-10', NULL, '0', '2026-06-10', '2026-06-10 16:46:32', '26.892', '0', 'Pagamento', 3, 3, 2, NULL, 20.00, 'Labore', 'Relatorios 06-2026 - Bruto(1)'),
(84, '2026-06-10', '2026-06-10', NULL, '0', '2026-06-10', '2026-06-10 16:54:42', '26.893', '0', 'Pagamento', 2, 8, 2, NULL, 11.00, 'Potengi', 'Relatorios 06-2026 - Bruto(1)'),
(85, '2026-06-11', '2026-06-11', NULL, '0', '2026-06-11', '2026-06-11 08:49:35', '26.894', '0', 'Pagamento', 34, 4, 1, NULL, 400.00, NULL, 'Relatorios 06-2026 - Bruto(1)'),
(86, '2026-06-11', '2026-06-11', NULL, '0', '2026-06-11', '2026-06-11 13:53:02', '26.896', '0', 'Pagamento', 19, 4, 1, NULL, 10.00, 'Remendo', 'Relatorios 06-2026 - Bruto(1)'),
(87, '2026-06-11', '2026-06-11', NULL, '0', '2026-06-11', '2026-06-11 14:04:36', '26.897', '0', 'Pagamento', 35, 41, 1, NULL, 50.00, NULL, 'Relatorios 06-2026 - Bruto(1)'),
(88, '2026-06-11', '2026-06-11', NULL, '0', '2026-06-11', '2026-06-11 14:15:27', '26.898', '0', 'Pagamento', 1, 7, 1, NULL, 11.62, NULL, 'Relatorios 06-2026 - Bruto(1)'),
(89, '2026-06-11', '2026-06-11', NULL, '0', '2026-06-11', '2026-06-11 16:36:16', '26.899', '0', 'Pagamento', 36, 42, 1, NULL, 4775.47, NULL, 'Relatorios 06-2026 - Bruto(1)'),
(90, '2026-06-11', '2026-06-11', NULL, '0', '2026-06-11', '2026-06-11 16:49:01', '26.901', '0', 'Pagamento', 3, 3, 2, NULL, 60.00, 'Labore', 'Relatorios 06-2026 - Bruto(1)'),
(91, '2026-06-11', '2026-06-11', NULL, '0', '2026-06-11', '2026-06-11 16:49:52', '26.902', '0', 'Pagamento', 3, 3, 2, NULL, 250.00, 'Labore', 'Relatorios 06-2026 - Bruto(1)'),
(92, '2026-06-12', '2026-06-12', NULL, '0', '2026-06-12', '2026-06-12 16:11:09', '25.615', '0', 'Pagamento', 37, 36, 1, NULL, 134.21, NULL, 'Relatorios 06-2026 - Bruto(1)'),
(93, '2026-06-12', '2026-06-12', NULL, '0', '2026-06-12', '2026-06-12 16:11:58', '25.620', '0', 'Pagamento', 37, 36, 1, NULL, 62.76, NULL, 'Relatorios 06-2026 - Bruto(1)'),
(94, '2026-06-12', '2026-06-12', NULL, '0', '2026-06-12', '2026-06-12 16:15:42', '25.625', '0', 'Pagamento', 37, 36, 1, NULL, 59.35, NULL, 'Relatorios 06-2026 - Bruto(1)'),
(95, '2026-06-12', '2026-06-12', NULL, '0', '2026-06-12', '2026-06-12 15:06:41', '26.903', '0', 'Pagamento', 4, 4, 2, NULL, 30.00, NULL, 'Relatorios 06-2026 - Bruto(1)'),
(96, '2026-06-12', '2026-06-12', NULL, '0', '2026-06-12', '2026-06-12 15:07:33', '26.904', '0', 'Pagamento', 38, 14, 2, NULL, 23.00, 'Tarrafas', 'Relatorios 06-2026 - Bruto(1)'),
(97, '2026-06-12', '2026-06-12', NULL, '0', '2026-06-12', '2026-06-12 15:07:03', '26.905', '0', 'Pagamento', 39, 4, 2, NULL, 40.00, NULL, 'Relatorios 06-2026 - Bruto(1)'),
(98, '2026-06-12', '2026-06-12', NULL, '0', '2026-06-12', '2026-06-12 15:09:17', '26.906', '0', 'Pagamento', 40, 43, 2, NULL, 153.16, 'Documento De Arrecadação Estadual', 'Relatorios 06-2026 - Bruto(1)'),
(99, '2026-06-12', '2026-06-12', NULL, '0', '2026-06-12', '2026-06-12 16:04:52', '26.907', '0', 'Pagamento', 41, 25, 1, NULL, 40.00, NULL, 'Relatorios 06-2026 - Bruto(1)'),
(100, '2026-06-12', '2026-06-12', NULL, '0', '2026-06-12', '2026-06-12 16:05:57', '26.908', '0', 'Pagamento', 41, 28, 1, NULL, 40.00, NULL, 'Relatorios 06-2026 - Bruto(1)'),
(101, '2026-06-12', '2026-06-12', NULL, '0', '2026-06-12', '2026-06-12 16:07:53', '26.909', '0', 'Pagamento', 41, 30, 1, NULL, 40.00, NULL, 'Relatorios 06-2026 - Bruto(1)'),
(102, '2026-06-12', '2026-06-12', NULL, '0', '2026-06-12', '2026-06-12 15:59:24', '26.910', '0', 'Pagamento', 41, 20, 1, NULL, 40.00, NULL, 'Relatorios 06-2026 - Bruto(1)'),
(103, '2026-06-12', '2026-06-12', NULL, '0', '2026-06-12', '2026-06-12 16:06:33', '26.911', '0', 'Pagamento', 41, 26, 1, NULL, 160.00, NULL, 'Relatorios 06-2026 - Bruto(1)'),
(104, '2026-06-12', '2026-06-12', NULL, '0', '2026-06-12', '2026-06-12 16:09:11', '26.912', '0', 'Pagamento', 41, 31, 1, NULL, 120.00, NULL, 'Relatorios 06-2026 - Bruto(1)'),
(105, '2026-06-12', '2026-06-12', NULL, '0', '2026-06-12', '2026-06-12 16:02:46', '26.914', '0', 'Pagamento', 41, 17, 1, NULL, 120.00, NULL, 'Relatorios 06-2026 - Bruto(1)'),
(106, '2026-06-12', '2026-06-12', NULL, '0', '2026-06-12', '2026-06-12 15:55:43', '26.915', '0', 'Pagamento', 41, 22, 1, NULL, 480.00, NULL, 'Relatorios 06-2026 - Bruto(1)'),
(107, '2026-06-12', '2026-06-12', NULL, '0', '2026-06-12', '2026-06-12 15:56:26', '26.916', '0', 'Pagamento', 41, 19, 1, NULL, 320.00, NULL, 'Relatorios 06-2026 - Bruto(1)'),
(108, '2026-06-12', '2026-06-12', NULL, '0', '2026-06-12', '2026-06-12 16:27:41', '26.917', '0', 'Pagamento', 41, 29, 1, NULL, 160.00, NULL, 'Relatorios 06-2026 - Bruto(1)'),
(109, '2026-06-12', '2026-06-12', NULL, '0', '2026-06-12', '2026-06-12 17:01:20', '26.918', '0', 'Pagamento', 3, 3, 2, NULL, 113.00, 'Labore', 'Relatorios 06-2026 - Bruto(1)'),
(110, '2026-06-12', '2026-06-12', NULL, '0', '2026-06-12', '2026-06-12 17:15:25', '26.919', '0', 'Pagamento', 1, 7, 2, NULL, 12.95, NULL, 'Relatorios 06-2026 - Bruto(1)'),
(111, '2026-06-13', '2026-06-13', NULL, '0', '2026-06-13', '2026-06-13 10:02:55', '26.920', '0', 'Pagamento', 26, 13, 1, NULL, 15.00, NULL, 'Relatorios 06-2026 - Bruto(1)'),
(112, '2026-06-13', '2026-06-13', NULL, '0', '2026-06-13', '2026-06-13 10:30:14', '26.922', '0', 'Pagamento', 1, 7, 1, NULL, 2.00, NULL, 'Relatorios 06-2026 - Bruto(1)'),
(113, '2026-06-13', '2026-06-13', NULL, '0', '2026-06-13', '2026-06-13 10:52:42', '26.923', '0', 'Pagamento', 11, 2, 3, NULL, 9.00, 'Potengi', 'Relatorios 06-2026 - Bruto(1)'),
(114, '2026-06-13', '2026-06-13', NULL, '0', '2026-06-13', '2026-06-13 10:57:39', '26.924', '0', 'Pagamento', 12, 8, 1, NULL, 42.50, NULL, 'Relatorios 06-2026 - Bruto(1)'),
(115, '2026-06-13', '2026-06-13', NULL, '0', '2026-06-13', '2026-06-13 10:58:14', '26.925', '0', 'Pagamento', 22, 4, 1, NULL, 9.00, NULL, 'Relatorios 06-2026 - Bruto(1)'),
(116, '2026-06-13', '2026-06-13', NULL, '0', '2026-06-13', '2026-06-13 10:55:32', '26.926', '0', 'Pagamento', 42, 2, 3, NULL, 5.50, NULL, 'Relatorios 06-2026 - Bruto(1)'),
(117, '2026-06-13', '2026-06-13', NULL, '0', '2026-06-13', '2026-06-13 11:15:42', '26.927', '0', 'Pagamento', 23, 4, 1, NULL, 20.00, NULL, 'Relatorios 06-2026 - Bruto(1)'),
(118, '2026-06-13', '2026-06-13', NULL, '0', '2026-06-13', '2026-06-13 11:54:22', '26.928', '0', 'Pagamento', 3, 3, 2, NULL, 50.00, 'Labore', 'Relatorios 06-2026 - Bruto(1)'),
(119, '2026-06-15', '2026-06-15', NULL, '0', '2026-06-15', '2026-06-15 11:34:45', '25.590', '0', 'Pagamento', 43, 44, 1, NULL, 6750.00, NULL, 'Relatorios 06-2026 - Bruto(1)'),
(120, '2026-06-15', '2026-06-15', NULL, '0', '2026-06-15', '2026-06-15 13:54:21', '26.660', '0', 'Pagamento', 8, 6, 1, NULL, 2236.64, NULL, 'Relatorios 06-2026 - Bruto(1)'),
(121, '2026-06-15', '2026-06-15', NULL, '0', '2026-06-15', '2026-06-15 13:55:13', '26.887', '0', 'Pagamento', 17, 41, 1, NULL, 2233.42, NULL, 'Relatorios 06-2026 - Bruto(1)'),
(122, '2026-06-15', '2026-06-15', NULL, '0', '2026-06-15', '2026-06-15 13:55:53', '26.929', '0', 'Pagamento', 33, 45, 1, NULL, 220.00, NULL, 'Relatorios 06-2026 - Bruto(1)'),
(123, '2026-06-15', '2026-06-15', NULL, '0', '2026-06-15', '2026-06-15 10:52:54', '26.931', '0', 'Pagamento', 9, 8, 1, NULL, 17.00, NULL, 'Relatorios 06-2026 - Bruto(1)'),
(124, '2026-06-15', '2026-06-15', NULL, '0', '2026-06-15', '2026-06-15 10:53:51', '26.932', '0', 'Pagamento', 44, 13, 1, NULL, 20.00, NULL, 'Relatorios 06-2026 - Bruto(1)'),
(125, '2026-06-15', '2026-06-15', NULL, '0', '2026-06-15', '2026-06-15 14:00:42', '26.933', '0', 'Pagamento', 45, 46, 1, NULL, 400.00, NULL, 'Relatorios 06-2026 - Bruto(1)'),
(126, '2026-06-15', '2026-06-15', NULL, '0', '2026-06-15', '2026-06-15 13:57:54', '26.934', '0', 'Pagamento', 45, 47, 1, NULL, 150.00, NULL, 'Relatorios 06-2026 - Bruto(1)'),
(127, '2026-06-15', '2026-06-15', NULL, '0', '2026-06-15', '2026-06-15 14:00:05', '26.935', '0', 'Pagamento', 45, 48, 1, NULL, 400.00, NULL, 'Relatorios 06-2026 - Bruto(1)'),
(128, '2026-06-15', '2026-06-15', NULL, '0', '2026-06-15', '2026-06-15 14:01:48', '26.936', '0', 'Pagamento', 45, 49, 1, NULL, 300.00, NULL, 'Relatorios 06-2026 - Bruto(1)'),
(129, '2026-06-15', '2026-06-15', NULL, '0', '2026-06-15', '2026-06-15 14:04:06', '26.937', '0', 'Pagamento', 45, 50, 1, NULL, 100.00, NULL, 'Relatorios 06-2026 - Bruto(1)'),
(130, '2026-06-15', '2026-06-15', NULL, '0', '2026-06-15', '2026-06-15 14:03:19', '26.938', '0', 'Pagamento', 45, 51, 1, NULL, 250.00, NULL, 'Relatorios 06-2026 - Bruto(1)'),
(131, '2026-06-15', '2026-06-15', NULL, '0', '2026-06-15', '2026-06-15 11:22:11', '26.939', '0', 'Pagamento', 46, 49, 1, NULL, 180.00, NULL, 'Relatorios 06-2026 - Bruto(1)'),
(132, '2026-06-15', '2026-06-15', NULL, '0', '2026-06-15', '2026-06-15 14:52:09', '26.940', '0', 'Pagamento', 2, 2, 1, NULL, 11.00, 'Potengi', 'Relatorios 06-2026 - Bruto(1)'),
(133, '2026-06-15', '2026-06-15', NULL, '0', '2026-06-15', '2026-06-15 15:15:31', '26.941', '0', 'Pagamento', 5, 5, 1, NULL, 10.00, 'Assaré', 'Relatorios 06-2026 - Bruto(1)'),
(134, '2026-06-15', '2026-06-15', NULL, '0', '2026-06-15', '2026-06-15 15:16:45', '26.942', '0', 'Pagamento', 12, 5, 1, NULL, 18.00, NULL, 'Relatorios 06-2026 - Bruto(1)'),
(135, '2026-06-15', '2026-06-15', NULL, '0', '2026-06-15', '2026-06-15 15:24:56', '26.943', '0', 'Pagamento', 47, 52, 1, NULL, 920.00, NULL, 'Relatorios 06-2026 - Bruto(1)'),
(136, '2026-06-15', '2026-06-15', NULL, '0', '2026-06-15', '2026-06-15 17:07:45', '26.944', '0', 'Pagamento', 3, 3, 2, NULL, 100.00, 'Labore', 'Relatorios 06-2026 - Bruto(1)'),
(137, '2026-06-15', '2026-06-15', NULL, '0', '2026-06-15', '2026-06-15 17:08:10', '26.945', '0', 'Pagamento', 3, 3, 2, NULL, 30.00, 'Labore', 'Relatorios 06-2026 - Bruto(1)'),
(138, '2026-06-15', '2026-06-15', NULL, '0', '2026-06-15', '2026-06-15 17:08:44', '26.946', '0', 'Pagamento', 3, 3, 2, NULL, 200.00, 'Labore', 'Relatorios 06-2026 - Bruto(1)'),
(139, '2026-06-16', '2026-06-16', NULL, '0', '2026-06-16', '2026-06-16 15:35:06', '26.079', '0', 'Pagamento', 8, 53, 1, NULL, 1767.36, NULL, 'Relatorios 06-2026 - Bruto(1)'),
(140, '2026-06-16', '2026-06-16', NULL, '0', '2026-06-16', '2026-06-16 13:50:29', '26.947', '0', 'Pagamento', 27, 14, 1, NULL, 7.50, 'Tarrafas', 'Relatorios 06-2026 - Bruto(1)'),
(141, '2026-06-16', '2026-06-16', NULL, '0', '2026-06-16', '2026-06-16 14:02:08', '26.948', '0', 'Pagamento', 1, 7, 1, NULL, 13.76, NULL, 'Relatorios 06-2026 - Bruto(1)'),
(142, '2026-06-16', '2026-06-16', NULL, '0', '2026-06-16', '2026-06-16 14:41:42', '26.949', '0', 'Pagamento', 40, 54, 1, NULL, 125.97, 'Documento De Arrecadação Estadual', 'Relatorios 06-2026 - Bruto(1)'),
(143, '2026-06-16', '2026-06-16', NULL, '0', '2026-06-16', '2026-06-16 15:34:17', '26.951', '0', 'Pagamento', 48, 4, 1, NULL, 24.00, NULL, 'Relatorios 06-2026 - Bruto(1)'),
(144, '2026-06-16', '2026-06-16', NULL, '0', '2026-06-16', '2026-06-16 15:33:46', '26.952', '0', 'Pagamento', 49, 5, 1, NULL, 13.47, NULL, 'Relatorios 06-2026 - Bruto(1)'),
(145, '2026-06-16', '2026-06-16', NULL, '0', '2026-06-16', '2026-06-16 15:47:29', '26.953', '0', 'Pagamento', 21, 4, 1, NULL, 500.00, NULL, 'Relatorios 06-2026 - Bruto(1)'),
(146, '2026-06-16', '2026-06-16', NULL, '0', '2026-06-16', '2026-06-16 16:06:10', '26.954', '0', 'Pagamento', 50, 55, 1, NULL, 136.34, 'Trt', 'Relatorios 06-2026 - Bruto(1)'),
(147, '2026-06-16', '2026-06-16', NULL, '0', '2026-06-16', '2026-06-16 16:47:08', '26.955', '0', 'Pagamento', 3, 3, 2, NULL, 60.00, 'Labore', 'Relatorios 06-2026 - Bruto(1)'),
(148, '2026-06-16', '2026-06-16', NULL, '0', '2026-06-16', '2026-06-16 16:47:25', '26.956', '0', 'Pagamento', 3, 3, 2, NULL, 60.00, 'Labore', 'Relatorios 06-2026 - Bruto(1)'),
(149, '2026-06-16', '2026-06-16', NULL, '0', '2026-06-16', '2026-06-16 16:47:49', '26.957', '0', 'Pagamento', 1, 1, 2, NULL, 10.27, NULL, 'Relatorios 06-2026 - Bruto(1)'),
(150, '2026-06-17', '2026-06-17', NULL, '0', '2026-06-17', '2026-06-17 15:26:46', '26.958', '0', 'Pagamento', 26, 13, 1, NULL, 10.00, NULL, 'Relatorios 06-2026 - Bruto(1)'),
(151, '2026-06-17', '2026-06-17', NULL, '0', '2026-06-17', '2026-06-17 15:27:07', '26.959', '0', 'Pagamento', 14, 10, 1, NULL, 25.00, NULL, 'Relatorios 06-2026 - Bruto(1)'),
(152, '2026-06-17', '2026-06-17', NULL, '0', '2026-06-17', '2026-06-17 16:28:38', '26.960', '0', 'Pagamento', 28, 14, 1, NULL, 17.30, 'Tarrafas', 'Relatorios 06-2026 - Bruto(1)'),
(153, '2026-06-17', '2026-06-17', NULL, '0', '2026-06-17', '2026-06-17 16:28:58', '26.961', '0', 'Pagamento', 11, 2, 1, NULL, 74.00, 'Potengi', 'Relatorios 06-2026 - Bruto(1)'),
(154, '2026-06-17', '2026-06-17', NULL, '0', '2026-06-17', '2026-06-17 16:52:08', '26.965', '0', 'Pagamento', 3, 3, 2, NULL, 150.00, 'Labore', 'Relatorios 06-2026 - Bruto(1)'),
(155, '2026-06-17', '2026-06-17', NULL, '0', '2026-06-17', '2026-06-17 16:52:25', '26.966', '0', 'Pagamento', 3, 3, 2, NULL, 1453.00, 'Labore', 'Relatorios 06-2026 - Bruto(1)'),
(156, '2026-06-17', '2026-06-17', NULL, '0', '2026-06-17', '2026-06-17 16:54:32', '26.967', '0', 'Pagamento', 3, 3, 2, NULL, 30.00, 'Labore', 'Relatorios 06-2026 - Bruto(1)'),
(157, '2026-06-18', '2026-06-18', NULL, '0', '2026-06-18', '2026-06-18 08:49:17', '26.968', '0', 'Pagamento', 8, 53, 1, NULL, 625.00, NULL, 'Relatorios 06-2026 - Bruto(1)'),
(158, '2026-06-18', '2026-06-18', NULL, '0', '2026-06-18', '2026-06-18 09:39:42', '26.969', '0', 'Pagamento', 22, 4, 1, NULL, 8.00, NULL, 'Relatorios 06-2026 - Bruto(1)'),
(159, '2026-06-18', '2026-06-18', NULL, '0', '2026-06-18', '2026-06-18 09:41:31', '26.970', '0', 'Pagamento', 1, 7, 1, NULL, 1.00, NULL, 'Relatorios 06-2026 - Bruto(1)'),
(160, '2026-06-18', '2026-06-18', NULL, '0', '2026-06-18', '2026-06-18 13:11:15', '26.971', '0', 'Pagamento', 2, 2, 1, NULL, 11.00, 'Potengi', 'Relatorios 06-2026 - Bruto(1)'),
(161, '2026-06-18', '2026-06-18', NULL, '0', '2026-06-18', '2026-06-18 15:50:33', '26.972', '0', 'Pagamento', 11, 2, 1, NULL, 29.75, 'Potengi', 'Relatorios 06-2026 - Bruto(1)'),
(162, '2026-06-18', '2026-06-18', NULL, '0', '2026-06-18', '2026-06-18 15:50:53', '26.973', '0', 'Pagamento', 51, 4, 1, NULL, 30.00, NULL, 'Relatorios 06-2026 - Bruto(1)'),
(163, '2026-06-18', '2026-06-18', NULL, '0', '2026-06-18', '2026-06-18 16:46:42', '26.974', '0', 'Pagamento', 19, 4, 1, NULL, 10.00, 'Remendo', 'Relatorios 06-2026 - Bruto(1)'),
(164, '2026-06-18', '2026-06-18', NULL, '0', '2026-06-18', '2026-06-18 16:58:17', '26.975', '0', 'Pagamento', 3, 3, 2, NULL, 278.00, 'Labore', 'Relatorios 06-2026 - Bruto(1)'),
(165, '2026-06-18', '2026-06-18', NULL, '0', '2026-06-18', '2026-06-18 16:58:44', '26.976', '0', 'Pagamento', 3, 3, 2, NULL, 80.00, 'Labore', 'Relatorios 06-2026 - Bruto(1)'),
(166, '2026-06-19', '2026-06-19', NULL, '0', '2026-06-19', '2026-06-19 14:03:32', '26.850', '0', 'Pagamento', 52, 56, 1, NULL, 1789.56, NULL, 'Relatorios 06-2026 - Bruto(1)'),
(167, '2026-06-19', '2026-06-19', NULL, '0', '2026-06-19', '2026-06-19 15:19:26', '26.895', '0', 'Pagamento', 53, 57, 1, NULL, 1966.29, NULL, 'Relatorios 06-2026 - Bruto(1)'),
(168, '2026-06-19', '2026-06-19', NULL, '0', '2026-06-19', '2026-06-19 13:24:15', '26.979', '0', 'Pagamento', 14, 10, 1, NULL, 25.00, NULL, 'Relatorios 06-2026 - Bruto(1)'),
(169, '2026-06-19', '2026-06-19', NULL, '0', '2026-06-19', '2026-06-19 14:20:29', '26.984', '0', 'Pagamento', 54, 14, 1, NULL, 6.00, 'Tarrafas', 'Relatorios 06-2026 - Bruto(1)'),
(170, '2026-06-19', '2026-06-19', NULL, '0', '2026-06-19', '2026-06-19 15:22:21', '26.985', '0', 'Pagamento', 55, 58, 1, NULL, 620.00, NULL, 'Relatorios 06-2026 - Bruto(1)'),
(171, '2026-06-19', '2026-06-19', NULL, '0', '2026-06-19', '2026-06-19 15:32:42', '26.986', '0', 'Pagamento', 29, 4, 1, NULL, 30.00, NULL, 'Relatorios 06-2026 - Bruto(1)'),
(172, '2026-06-19', '2026-06-19', NULL, '0', '2026-06-19', '2026-06-19 16:17:28', '26.988', '0', 'Pagamento', 6, 5, 2, NULL, 50.94, 'Assaré', 'Relatorios 06-2026 - Bruto(1)'),
(173, '2026-06-19', '2026-06-19', NULL, '0', '2026-06-19', '2026-06-19 16:18:00', '26.989', '0', 'Pagamento', 56, 5, 2, NULL, 52.55, 'Assaré', 'Relatorios 06-2026 - Bruto(1)'),
(174, '2026-06-19', '2026-06-19', NULL, '0', '2026-06-19', '2026-06-19 16:55:45', '26.990', '0', 'Pagamento', 3, 3, 2, NULL, 60.00, 'Labore', 'Relatorios 06-2026 - Bruto(1)'),
(175, '2026-06-19', '2026-06-19', NULL, '0', '2026-06-19', '2026-06-19 16:56:15', '26.991', '0', 'Pagamento', 3, 3, 2, NULL, 25.00, 'Labore', 'Relatorios 06-2026 - Bruto(1)'),
(176, '2026-06-19', '2026-06-19', NULL, '0', '2026-06-19', '2026-06-19 16:56:37', '26.992', '0', 'Pagamento', 3, 3, 2, NULL, 50.00, 'Labore', 'Relatorios 06-2026 - Bruto(1)'),
(177, '2026-06-19', '2026-06-19', NULL, '0', '2026-06-19', '2026-06-19 16:56:44', '26.993', '0', 'Pagamento', 57, 4, 1, NULL, 226.00, NULL, 'Relatorios 06-2026 - Bruto(1)'),
(178, '2026-06-20', '2026-06-20', NULL, '0', '2026-06-20', '2026-06-20 11:06:23', '26.994', '0', 'Pagamento', 51, 4, 1, NULL, 25.00, NULL, 'Relatorios 06-2026 - Bruto(1)'),
(179, '2026-06-20', '2026-06-20', NULL, '0', '2026-06-20', '2026-06-20 11:06:43', '26.995', '0', 'Pagamento', 22, 4, 1, NULL, 9.00, NULL, 'Relatorios 06-2026 - Bruto(1)'),
(180, '2026-06-20', '2026-06-20', NULL, '0', '2026-06-20', '2026-06-20 11:22:45', '26.996', '0', 'Pagamento', 1, 1, 1, NULL, 9.33, NULL, 'Relatorios 06-2026 - Bruto(1)'),
(181, '2026-06-20', '2026-06-20', NULL, '0', '2026-06-20', '2026-06-20 11:52:41', '26.997', '0', 'Pagamento', 29, 4, 1, NULL, 9.50, NULL, 'Relatorios 06-2026 - Bruto(1)'),
(182, '2026-06-20', '2026-06-20', NULL, '0', '2026-06-20', '2026-06-20 11:54:08', '26.998', '0', 'Pagamento', 6, 5, 1, NULL, 4.50, 'Assaré', 'Relatorios 06-2026 - Bruto(1)'),
(183, '2026-06-20', '2026-06-20', NULL, '0', '2026-06-20', '2026-06-20 11:58:36', '26.999', '0', 'Pagamento', 3, 3, 2, NULL, 190.00, 'Labore', 'Relatorios 06-2026 - Bruto(1)'),
(184, '2026-06-20', '2026-06-20', NULL, '0', '2026-06-20', '2026-06-20 11:58:59', '27.000', '0', 'Pagamento', 3, 3, 2, NULL, 90.00, 'Labore', 'Relatorios 06-2026 - Bruto(1)'),
(185, '2026-06-20', '2026-06-20', NULL, '0', '2026-06-20', '2026-06-20 11:59:24', '27.001', '0', 'Pagamento', 3, 3, 2, NULL, 30.00, 'Labore', 'Relatorios 06-2026 - Bruto(1)'),
(186, '2026-06-22', '2026-06-22', NULL, '0', '2026-06-22', '2026-06-22 13:37:10', '26.499', '0', 'Pagamento', 58, 59, 1, NULL, 5800.96, NULL, 'Relatorios 06-2026 - Bruto(1)'),
(187, '2026-06-22', '2026-06-22', NULL, '0', '2026-06-22', '2026-06-22 14:31:37', '26.728', '0', 'Pagamento', 8, 53, 1, NULL, 1098.80, NULL, 'Relatorios 06-2026 - Bruto(1)'),
(188, '2026-06-22', '2026-06-22', NULL, '0', '2026-06-22', '2026-06-22 14:20:25', '26.900', '0', 'Pagamento', 59, 43, 1, NULL, 3999.71, NULL, 'Relatorios 06-2026 - Bruto(1)'),
(189, '2026-06-22', '2026-06-22', NULL, '0', '2026-06-22', '2026-06-22 11:25:47', '26.963', '0', 'Pagamento', 24, 1, 1, NULL, 3232.16, NULL, 'Relatorios 06-2026 - Bruto(1)'),
(190, '2026-06-22', '2026-06-22', NULL, '0', '2026-06-22', '2026-06-22 11:27:49', '27.003', '0', 'Pagamento', 24, 1, 1, NULL, 2995.51, NULL, 'Relatorios 06-2026 - Bruto(1)'),
(191, '2026-06-22', '2026-06-22', NULL, '0', '2026-06-22', '2026-06-22 11:30:31', '27.004', '0', 'Pagamento', 24, 7, 1, NULL, 3036.80, NULL, 'Relatorios 06-2026 - Bruto(1)'),
(192, '2026-06-22', '2026-06-22', NULL, '0', '2026-06-22', '2026-06-22 11:32:18', '27.005', '0', 'Pagamento', 8, 6, 1, NULL, 984.40, NULL, 'Relatorios 06-2026 - Bruto(1)'),
(193, '2026-06-22', '2026-06-22', NULL, '0', '2026-06-22', '2026-06-22 14:14:53', '27.007', '0', 'Pagamento', 60, 31, 1, NULL, 600.00, NULL, 'Relatorios 06-2026 - Bruto(1)'),
(194, '2026-06-22', '2026-06-22', NULL, '0', '2026-06-22', '2026-06-22 14:15:39', '27.008', '0', 'Pagamento', 60, 29, 1, NULL, 600.00, NULL, 'Relatorios 06-2026 - Bruto(1)'),
(195, '2026-06-22', '2026-06-22', NULL, '0', '2026-06-22', '2026-06-22 14:33:06', '27.009', '0', 'Pagamento', 60, 17, 1, NULL, 1000.00, NULL, 'Relatorios 06-2026 - Bruto(1)'),
(196, '2026-06-22', '2026-06-22', NULL, '0', '2026-06-22', '2026-06-22 14:34:26', '27.010', '0', 'Pagamento', 60, 22, 1, NULL, 500.00, NULL, 'Relatorios 06-2026 - Bruto(1)'),
(197, '2026-06-22', '2026-06-22', NULL, '0', '2026-06-22', '2026-06-22 14:37:49', '27.011', '0', 'Pagamento', 60, 18, 1, NULL, 1200.00, NULL, 'Relatorios 06-2026 - Bruto(1)'),
(198, '2026-06-22', '2026-06-22', NULL, '0', '2026-06-22', '2026-06-22 14:16:13', '27.012', '0', 'Pagamento', 60, 25, 1, NULL, 600.00, NULL, 'Relatorios 06-2026 - Bruto(1)'),
(199, '2026-06-22', '2026-06-22', NULL, '0', '2026-06-22', '2026-06-22 14:16:55', '27.013', '0', 'Pagamento', 60, 26, 1, NULL, 600.00, NULL, 'Relatorios 06-2026 - Bruto(1)'),
(200, '2026-06-22', '2026-06-22', NULL, '0', '2026-06-22', '2026-06-22 14:36:44', '27.014', '0', 'Pagamento', 60, 19, 1, NULL, 750.00, NULL, 'Relatorios 06-2026 - Bruto(1)'),
(201, '2026-06-22', '2026-06-22', NULL, '0', '2026-06-22', '2026-06-22 14:38:41', '27.015', '0', 'Pagamento', 60, 21, 1, NULL, 1300.00, NULL, 'Relatorios 06-2026 - Bruto(1)'),
(202, '2026-06-22', '2026-06-22', NULL, '0', '2026-06-22', '2026-06-22 14:41:10', '27.016', '0', 'Pagamento', 60, 20, 1, NULL, 1000.00, NULL, 'Relatorios 06-2026 - Bruto(1)'),
(203, '2026-06-22', '2026-06-22', NULL, '0', '2026-06-22', '2026-06-22 15:31:59', '27.017', '0', 'Pagamento', 61, 4, 1, NULL, 306.02, NULL, 'Relatorios 06-2026 - Bruto(1)'),
(204, '2026-06-22', '2026-06-22', NULL, '0', '2026-06-22', '2026-06-22 15:32:34', '27.018', '0', 'Pagamento', 40, 43, 1, NULL, 55.93, 'Documento De Arrecadação Estadual', 'Relatorios 06-2026 - Bruto(1)'),
(205, '2026-06-22', '2026-06-22', NULL, '0', '2026-06-22', '2026-06-22 15:33:08', '27.019', '0', 'Pagamento', 51, 4, 1, NULL, 200.00, NULL, 'Relatorios 06-2026 - Bruto(1)'),
(206, '2026-06-22', '2026-06-22', NULL, '0', '2026-06-22', '2026-06-22 15:33:30', '27.020', '0', 'Pagamento', 51, 4, 1, NULL, 20.00, NULL, 'Relatorios 06-2026 - Bruto(1)'),
(207, '2026-06-22', '2026-06-22', NULL, '0', '2026-06-22', '2026-06-22 15:35:01', '27.021', '0', 'Pagamento', 9, 5, 1, NULL, 14.00, NULL, 'Relatorios 06-2026 - Bruto(1)'),
(208, '2026-06-22', '2026-06-22', NULL, '0', '2026-06-22', '2026-06-22 15:35:58', '27.022', '0', 'Pagamento', 7, 5, 1, NULL, 4.00, NULL, 'Relatorios 06-2026 - Bruto(1)'),
(209, '2026-06-22', '2026-06-22', NULL, '0', '2026-06-22', '2026-06-22 15:38:07', '27.023', '0', 'Pagamento', 29, 4, 1, NULL, 36.00, NULL, 'Relatorios 06-2026 - Bruto(1)'),
(210, '2026-06-22', '2026-06-22', NULL, '0', '2026-06-22', '2026-06-22 16:46:26', '27.024', '0', 'Pagamento', 3, 3, 2, NULL, 90.00, 'Labore', 'Relatorios 06-2026 - Bruto(1)'),
(211, '2026-06-22', '2026-06-22', NULL, '0', '2026-06-22', '2026-06-22 16:50:52', '27.025', '0', 'Pagamento', 62, 4, 2, NULL, 10.00, NULL, 'Relatorios 06-2026 - Bruto(1)'),
(212, '2026-06-23', '2026-06-23', NULL, '0', '2026-06-23', '2026-06-23 09:45:50', '27.029', '0', 'Pagamento', 2, 2, 1, NULL, 11.00, 'Potengi', 'Relatorios 06-2026 - Bruto(1)'),
(213, '2026-06-23', '2026-06-23', NULL, '0', '2026-06-23', '2026-06-23 09:46:10', '27.030', '0', 'Pagamento', 1, 7, 1, NULL, 5.00, NULL, 'Relatorios 06-2026 - Bruto(1)'),
(214, '2026-06-23', '2026-06-23', NULL, '0', '2026-06-23', '2026-06-23 11:53:52', '27.031', '0', 'Pagamento', 38, 14, 1, NULL, 30.00, 'Tarrafas', 'Relatorios 06-2026 - Bruto(1)'),
(215, '2026-06-23', '2026-06-23', NULL, '0', '2026-06-23', '2026-06-23 11:53:26', '27.032', '0', 'Pagamento', 26, 13, 1, NULL, 18.00, NULL, 'Relatorios 06-2026 - Bruto(1)'),
(216, '2026-06-23', '2026-06-23', NULL, '0', '2026-06-23', '2026-06-23 11:52:21', '27.033', '0', 'Pagamento', 60, 16, 1, NULL, 240.00, NULL, 'Relatorios 06-2026 - Bruto(1)'),
(217, '2026-06-23', '2026-06-23', NULL, '0', '2026-06-23', '2026-06-23 13:32:59', '27.034', '0', 'Pagamento', 14, 10, 1, NULL, 25.00, NULL, 'Relatorios 06-2026 - Bruto(1)'),
(218, '2026-06-23', '2026-06-23', NULL, '0', '2026-06-23', '2026-06-23 13:45:55', '27.035', '0', 'Pagamento', 63, 4, 1, NULL, 30.00, NULL, 'Relatorios 06-2026 - Bruto(1)'),
(219, '2026-06-23', '2026-06-23', NULL, '0', '2026-06-23', '2026-06-23 16:20:49', '27.036', '0', 'Pagamento', 9, 8, 1, NULL, 14.00, NULL, 'Relatorios 06-2026 - Bruto(1)'),
(220, '2026-06-23', '2026-06-23', NULL, '0', '2026-06-23', '2026-06-23 16:49:50', '27.037', '0', 'Pagamento', 3, 3, 2, NULL, 760.00, 'Labore', 'Relatorios 06-2026 - Bruto(1)'),
(221, '2026-06-23', '2026-06-23', NULL, '0', '2026-06-23', '2026-06-23 16:50:16', '27.038', '0', 'Pagamento', 3, 3, 2, NULL, 110.00, 'Labore', 'Relatorios 06-2026 - Bruto(1)'),
(222, '2026-06-24', '2026-06-24', NULL, '0', '2026-06-24', '2026-06-24 11:31:31', '27.040', '0', 'Pagamento', 1, 7, 1, NULL, 2.00, NULL, 'Relatorios 06-2026 - Bruto(1)'),
(223, '2026-06-24', '2026-06-24', NULL, '0', '2026-06-24', '2026-06-24 14:32:21', '27.041', '0', 'Pagamento', 14, 10, 1, NULL, 25.00, NULL, 'Relatorios 06-2026 - Bruto(1)'),
(224, '2026-06-24', '2026-06-24', NULL, '0', '2026-06-24', '2026-06-24 14:32:44', '27.042', '0', 'Pagamento', 2, 4, 1, NULL, 10.00, 'Potengi', 'Relatorios 06-2026 - Bruto(1)'),
(225, '2026-06-24', '2026-06-24', NULL, '0', '2026-06-24', '2026-06-24 15:46:10', '27.043', '0', 'Pagamento', 35, 41, 1, NULL, 50.00, NULL, 'Relatorios 06-2026 - Bruto(1)'),
(226, '2026-06-24', '2026-06-24', NULL, '0', '2026-06-24', '2026-06-24 15:46:51', '27.044', '0', 'Pagamento', 11, 2, 1, NULL, 5.80, 'Potengi', 'Relatorios 06-2026 - Bruto(1)'),
(227, '2026-06-24', '2026-06-24', NULL, '0', '2026-06-24', '2026-06-24 17:09:30', '27.045', '0', 'Pagamento', 48, 4, 2, NULL, 37.00, NULL, 'Relatorios 06-2026 - Bruto(1)'),
(228, '2026-06-24', '2026-06-24', NULL, '0', '2026-06-24', '2026-06-24 17:19:00', '27.046', '0', 'Pagamento', 3, 3, 2, NULL, 50.00, 'Labore', 'Relatorios 06-2026 - Bruto(1)'),
(229, '2026-06-24', '2026-06-24', NULL, '0', '2026-06-24', '2026-06-24 17:34:49', '27.047', '0', 'Pagamento', 3, 3, 1, NULL, 30.00, 'Labore', 'Relatorios 06-2026 - Bruto(1)'),
(230, '2026-06-24', '2026-06-24', NULL, '0', '2026-06-24', '2026-06-24 17:35:09', '27.048', '0', 'Pagamento', 64, 42, 1, NULL, 1504.60, NULL, 'Relatorios 06-2026 - Bruto(1)'),
(231, '2026-06-25', '2026-06-25', NULL, '0', '2026-06-25', '2026-06-25 14:33:02', '26.816', '0', 'Pagamento', 31, 60, 1, NULL, 325.75, NULL, 'Relatorios 06-2026 - Bruto(1)'),
(232, '2026-06-25', '2026-06-25', NULL, '0', '2026-06-25', '2026-06-25 14:38:57', '26.881', '0', 'Pagamento', 43, 61, 1, NULL, 3100.00, NULL, 'Relatorios 06-2026 - Bruto(1)'),
(233, '2026-06-25', '2026-06-25', NULL, '0', '2026-06-25', '2026-06-25 14:39:32', '26.882', '0', 'Pagamento', 43, 61, 1, NULL, 1400.00, NULL, 'Relatorios 06-2026 - Bruto(1)'),
(234, '2026-06-25', '2026-06-25', NULL, '0', '2026-06-25', '2026-06-25 14:01:48', '26.964', '0', 'Pagamento', 65, 1, 1, NULL, 17978.85, NULL, 'Relatorios 06-2026 - Bruto(1)'),
(235, '2026-06-25', '2026-06-25', NULL, '0', '2026-06-25', '2026-06-25 14:52:33', '26.980', '0', 'Pagamento', 32, 62, 1, NULL, 1252.66, NULL, 'Relatorios 06-2026 - Bruto(1)'),
(236, '2026-06-25', '2026-06-25', NULL, '0', '2026-06-25', '2026-06-25 14:52:51', '26.981', '0', 'Pagamento', 32, 62, 1, NULL, 629.93, NULL, 'Relatorios 06-2026 - Bruto(1)'),
(237, '2026-06-25', '2026-06-25', NULL, '0', '2026-06-25', '2026-06-25 14:53:09', '26.982', '0', 'Pagamento', 32, 62, 1, NULL, 1713.35, NULL, 'Relatorios 06-2026 - Bruto(1)'),
(238, '2026-06-25', '2026-06-25', NULL, '0', '2026-06-25', '2026-06-25 14:38:13', '26.983', '0', 'Pagamento', 66, 63, 1, NULL, 1000.00, NULL, 'Relatorios 06-2026 - Bruto(1)'),
(239, '2026-06-25', '2026-06-25', NULL, '0', '2026-06-25', '2026-06-25 14:33:43', '27.006', '0', 'Pagamento', 31, 64, 1, NULL, 500.00, NULL, 'Relatorios 06-2026 - Bruto(1)'),
(240, '2026-06-25', '2026-06-25', NULL, '0', '2026-06-25', '2026-06-25 11:02:07', '27.049', '0', 'Pagamento', 67, 65, 1, NULL, 32.36, NULL, 'Relatorios 06-2026 - Bruto(1)'),
(241, '2026-06-25', '2026-06-25', NULL, '0', '2026-06-25', '2026-06-25 11:03:21', '27.050', '0', 'Pagamento', 26, 13, 1, NULL, 20.00, NULL, 'Relatorios 06-2026 - Bruto(1)'),
(242, '2026-06-25', '2026-06-25', NULL, '0', '2026-06-25', '2026-06-25 11:03:46', '27.051', '0', 'Pagamento', 49, 8, 1, NULL, 6.00, NULL, 'Relatorios 06-2026 - Bruto(1)'),
(243, '2026-06-25', '2026-06-25', NULL, '0', '2026-06-25', '2026-06-25 11:55:25', '27.052', '0', 'Pagamento', 68, 4, 1, NULL, 185.00, NULL, 'Relatorios 06-2026 - Bruto(1)'),
(244, '2026-06-25', '2026-06-25', NULL, '0', '2026-06-25', '2026-06-25 11:56:29', '27.053', '0', 'Pagamento', 45, 66, 1, NULL, 500.00, NULL, 'Relatorios 06-2026 - Bruto(1)'),
(245, '2026-06-25', '2026-06-25', NULL, '0', '2026-06-25', '2026-06-25 11:57:08', '27.054', '0', 'Pagamento', 12, 5, 1, NULL, 10.00, NULL, 'Relatorios 06-2026 - Bruto(1)'),
(246, '2026-06-25', '2026-06-25', NULL, '0', '2026-06-25', '2026-06-25 13:30:22', '27.055', '0', 'Pagamento', 14, 4, 1, NULL, 45.00, NULL, 'Relatorios 06-2026 - Bruto(1)'),
(247, '2026-06-25', '2026-06-25', NULL, '0', '2026-06-25', '2026-06-25 14:02:22', '27.056', '0', 'Pagamento', 19, 4, 1, NULL, 15.00, 'Remendo', 'Relatorios 06-2026 - Bruto(1)'),
(248, '2026-06-25', '2026-06-25', NULL, '0', '2026-06-25', '2026-06-25 14:17:16', '27.057', '0', 'Pagamento', 28, 14, 1, NULL, 18.97, 'Tarrafas', 'Relatorios 06-2026 - Bruto(1)'),
(249, '2026-06-25', '2026-06-25', NULL, '0', '2026-06-25', '2026-06-25 14:49:53', '27.058', '0', 'Pagamento', 27, 14, 1, NULL, 7.50, 'Tarrafas', 'Relatorios 06-2026 - Bruto(1)'),
(250, '2026-06-25', '2026-06-25', NULL, '0', '2026-06-25', '2026-06-25 14:50:40', '27.059', '0', 'Pagamento', 2, 2, 1, NULL, 11.00, 'Potengi', 'Relatorios 06-2026 - Bruto(1)'),
(251, '2026-06-25', '2026-06-25', NULL, '0', '2026-06-25', '2026-06-25 15:29:51', '27.060', '0', 'Pagamento', 5, 5, 1, NULL, 10.00, 'Assaré', 'Relatorios 06-2026 - Bruto(1)'),
(252, '2026-06-25', '2026-06-25', NULL, '0', '2026-06-25', '2026-06-25 16:53:30', '27.061', '0', 'Pagamento', 3, 3, 2, NULL, 130.00, 'Labore', 'Relatorios 06-2026 - Bruto(1)'),
(253, '2026-06-25', '2026-06-25', NULL, '0', '2026-06-25', '2026-06-25 16:53:52', '27.062', '0', 'Pagamento', 3, 3, 2, NULL, 134.99, 'Labore', 'Relatorios 06-2026 - Bruto(1)'),
(254, '2026-06-26', '2026-06-26', NULL, '0', '2026-06-26', '2026-06-26 15:12:27', '26.978', '0', 'Pagamento', 58, 59, 1, NULL, 40.00, NULL, 'Relatorios 06-2026 - Bruto(1)'),
(255, '2026-06-26', '2026-06-26', NULL, '0', '2026-06-26', '2026-06-26 11:25:17', '27.067', '0', 'Pagamento', 62, 67, 1, NULL, 199.50, NULL, 'Relatorios 06-2026 - Bruto(1)'),
(256, '2026-06-26', '2026-06-26', NULL, '0', '2026-06-26', '2026-06-26 15:07:15', '27.071', '0', 'Pagamento', 12, 8, 1, NULL, 35.00, NULL, 'Relatorios 06-2026 - Bruto(1)'),
(257, '2026-06-26', '2026-06-26', NULL, '0', '2026-06-26', '2026-06-26 15:06:50', '27.072', '0', 'Pagamento', 33, 4, 1, NULL, 800.00, NULL, 'Relatorios 06-2026 - Bruto(1)'),
(258, '2026-06-26', '2026-06-26', NULL, '0', '2026-06-26', '2026-06-26 15:10:43', '27.073', '0', 'Pagamento', 1, 7, 1, NULL, 2.00, NULL, 'Relatorios 06-2026 - Bruto(1)'),
(259, '2026-06-26', '2026-06-26', NULL, '0', '2026-06-26', '2026-06-26 16:42:43', '27.074', '0', 'Pagamento', 3, 3, 2, NULL, 60.00, 'Labore', 'Relatorios 06-2026 - Bruto(1)'),
(260, '2026-06-26', '2026-06-26', NULL, '0', '2026-06-26', '2026-06-26 16:43:09', '27.075', '0', 'Pagamento', 3, 3, 2, NULL, 30.00, 'Labore', 'Relatorios 06-2026 - Bruto(1)'),
(261, '2026-06-26', '2026-06-26', NULL, '0', '2026-06-26', '2026-06-26 16:45:55', '27.076', '0', 'Pagamento', 22, 4, 2, NULL, 9.00, NULL, 'Relatorios 06-2026 - Bruto(1)'),
(262, '2026-06-27', '2026-06-27', NULL, '0', '2026-06-27', '2026-06-27 10:59:38', '27.078', '0', 'Pagamento', 8, 6, 1, NULL, 1574.32, NULL, 'Relatorios 06-2026 - Bruto(1)'),
(263, '2026-06-27', '2026-06-27', NULL, '0', '2026-06-27', '2026-06-27 11:00:11', '27.079', '0', 'Pagamento', 8, 53, 1, NULL, 66.00, NULL, 'Relatorios 06-2026 - Bruto(1)'),
(264, '2026-06-27', '2026-06-27', NULL, '0', '2026-06-27', '2026-06-27 11:57:32', '27.080', '0', 'Pagamento', 3, 3, 2, NULL, 75.00, 'Labore', 'Relatorios 06-2026 - Bruto(1)'),
(265, '2026-06-27', '2026-06-27', NULL, '0', '2026-06-27', '2026-06-27 11:57:53', '27.081', '0', 'Pagamento', 3, 3, 2, NULL, 200.00, 'Labore', 'Relatorios 06-2026 - Bruto(1)'),
(266, '2026-06-29', '2026-06-29', NULL, '0', '2026-06-29', '2026-06-29 10:36:54', '26.487', '0', 'Pagamento', 8, 6, 1, NULL, 1655.44, NULL, 'Relatorios 06-2026 - Bruto(1)'),
(267, '2026-06-29', '2026-06-29', NULL, '0', '2026-06-29', '2026-06-29 10:37:31', '26.789', '0', 'Pagamento', 8, 6, 1, NULL, 1681.03, NULL, 'Relatorios 06-2026 - Bruto(1)'),
(268, '2026-06-29', '2026-06-29', NULL, '0', '2026-06-29', '2026-06-29 10:49:29', '27.065', '0', 'Pagamento', 25, 27, 1, NULL, 2623.40, NULL, 'Relatorios 06-2026 - Bruto(1)'),
(269, '2026-06-29', '2026-06-29', NULL, '0', '2026-06-29', '2026-06-29 10:50:05', '27.066', '0', 'Pagamento', 69, 27, 1, NULL, 929.57, NULL, 'Relatorios 06-2026 - Bruto(1)'),
(270, '2026-06-29', '2026-06-29', NULL, '0', '2026-06-29', '2026-06-29 10:38:14', '27.082', '0', 'Pagamento', 70, 68, 1, NULL, 2453.99, NULL, 'Relatorios 06-2026 - Bruto(1)'),
(271, '2026-06-29', '2026-06-29', NULL, '0', '2026-06-29', '2026-06-29 10:40:32', '27.086', '0', 'Pagamento', 19, 69, 1, NULL, 15.00, 'Remendo', 'Relatorios 06-2026 - Bruto(1)'),
(272, '2026-06-29', '2026-06-29', NULL, '0', '2026-06-29', '2026-06-29 16:09:10', '27.087', '0', 'Pagamento', 14, 10, 1, NULL, 48.00, NULL, 'Relatorios 06-2026 - Bruto(1)'),
(273, '2026-06-29', '2026-06-29', NULL, '0', '2026-06-29', '2026-06-29 16:46:35', '27.088', '0', 'Pagamento', 3, 3, 2, NULL, 12501.69, 'Labore', 'Relatorios 06-2026 - Bruto(1)'),
(274, '2026-06-29', '2026-06-29', NULL, '0', '2026-06-29', '2026-06-29 16:46:57', '27.089', '0', 'Pagamento', 3, 3, 2, NULL, 29.00, 'Labore', 'Relatorios 06-2026 - Bruto(1)'),
(275, '2026-06-30', '2026-06-30', NULL, '0', '2026-06-30', '2026-06-30 10:48:02', '25.268', '0', 'Pagamento', 33, 70, 1, NULL, 1000.00, NULL, 'Relatorios 06-2026 - Bruto(1)'),
(276, '2026-06-30', '2026-06-30', NULL, '0', '2026-06-30', '2026-06-30 10:56:39', '26.661', '0', 'Pagamento', 15, 11, 1, NULL, 48.60, NULL, 'Relatorios 06-2026 - Bruto(1)'),
(277, '2026-06-30', '2026-06-30', NULL, '0', '2026-06-30', '2026-06-30 10:50:52', '26.791', '0', 'Pagamento', 71, 71, 1, NULL, 189.58, NULL, 'Relatorios 06-2026 - Bruto(1)'),
(278, '2026-06-30', '2026-06-30', NULL, '0', '2026-06-30', '2026-06-30 10:59:08', '26.950', '0', 'Pagamento', 71, 71, 1, NULL, 29.54, NULL, 'Relatorios 06-2026 - Bruto(1)'),
(279, '2026-06-30', '2026-06-30', NULL, '0', '2026-06-30', '2026-06-30 10:49:54', '26.977', '0', 'Pagamento', 71, 71, 1, NULL, 39.19, NULL, 'Relatorios 06-2026 - Bruto(1)'),
(280, '2026-06-30', '2026-06-30', NULL, '0', '2026-06-30', '2026-06-30 10:54:07', '27.002', '0', 'Pagamento', 71, 71, 1, NULL, 1049.24, NULL, 'Relatorios 06-2026 - Bruto(1)'),
(281, '2026-06-30', '2026-06-30', NULL, '0', '2026-06-30', '2026-06-30 10:46:05', '27.027', '0', 'Pagamento', 59, 43, 1, NULL, 1120.51, NULL, 'Relatorios 06-2026 - Bruto(1)'),
(282, '2026-06-30', '2026-06-30', NULL, '0', '2026-06-30', '2026-06-30 10:46:47', '27.028', '0', 'Pagamento', 59, 43, 1, NULL, 681.81, NULL, 'Relatorios 06-2026 - Bruto(1)'),
(283, '2026-06-30', '2026-06-30', NULL, '0', '2026-06-30', '2026-06-30 10:59:57', '27.039', '0', 'Pagamento', 72, 72, 1, NULL, 1500.00, NULL, 'Relatorios 06-2026 - Bruto(1)'),
(284, '2026-06-30', '2026-06-30', NULL, '0', '2026-06-30', '2026-06-30 10:55:12', '27.063', '0', 'Pagamento', 71, 71, 1, NULL, 304.34, NULL, 'Relatorios 06-2026 - Bruto(1)'),
(285, '2026-06-30', '2026-06-30', NULL, '0', '2026-06-30', '2026-06-30 11:08:23', '27.068', '0', 'Pagamento', 71, 71, 1, NULL, 443.85, NULL, 'Relatorios 06-2026 - Bruto(1)'),
(286, '2026-06-30', '2026-06-30', NULL, '0', '2026-06-30', '2026-06-30 10:51:44', '27.070', '0', 'Pagamento', 71, 71, 1, NULL, 59.21, NULL, 'Relatorios 06-2026 - Bruto(1)'),
(287, '2026-06-30', '2026-06-30', NULL, '0', '2026-06-30', '2026-06-30 10:48:50', '27.077', '0', 'Pagamento', 73, 73, 1, NULL, 750.00, NULL, 'Relatorios 06-2026 - Bruto(1)'),
(288, '2026-06-30', '2026-06-30', NULL, '0', '2026-06-30', '2026-06-30 14:27:40', '27.091', '0', 'Pagamento', 74, 50, 1, NULL, 200.00, NULL, 'Relatorios 06-2026 - Bruto(1)'),
(289, '2026-06-30', '2026-06-30', NULL, '0', '2026-06-30', '2026-06-30 14:28:37', '27.092', '0', 'Pagamento', 71, 71, 1, NULL, 100.00, NULL, 'Relatorios 06-2026 - Bruto(1)'),
(290, '2026-06-30', '2026-06-30', NULL, '0', '2026-06-30', '2026-06-30 14:26:33', '27.093', '0', 'Pagamento', 74, 74, 1, NULL, 300.00, NULL, 'Relatorios 06-2026 - Bruto(1)'),
(291, '2026-06-30', '2026-06-30', NULL, '0', '2026-06-30', '2026-06-30 14:26:51', '27.094', '0', 'Pagamento', 41, 74, 1, NULL, 40.00, NULL, 'Relatorios 06-2026 - Bruto(1)'),
(292, '2026-06-30', '2026-06-30', NULL, '0', '2026-06-30', '2026-06-30 14:25:00', '27.095', '0', 'Pagamento', 74, 75, 1, NULL, 150.00, NULL, 'Relatorios 06-2026 - Bruto(1)'),
(293, '2026-06-30', '2026-06-30', NULL, '0', '2026-06-30', '2026-06-30 15:17:01', '27.096', '0', 'Pagamento', 74, 76, 1, NULL, 800.00, NULL, 'Relatorios 06-2026 - Bruto(1)'),
(294, '2026-06-30', '2026-06-30', NULL, '0', '2026-06-30', '2026-06-30 15:17:38', '27.097', '0', 'Pagamento', 10, 4, 1, NULL, 50.00, NULL, 'Relatorios 06-2026 - Bruto(1)'),
(295, '2026-06-30', '2026-06-30', NULL, '0', '2026-06-30', '2026-06-30 15:18:23', '27.098', '0', 'Pagamento', 75, 32, 1, NULL, 100.00, NULL, 'Relatorios 06-2026 - Bruto(1)'),
(296, '2026-06-30', '2026-06-30', NULL, '0', '2026-06-30', '2026-06-30 10:53:04', '27.099', '0', 'Pagamento', 71, 71, 1, NULL, 172.96, NULL, 'Relatorios 06-2026 - Bruto(1)'),
(297, '2026-06-30', '2026-06-30', NULL, '0', '2026-06-30', '2026-06-30 11:06:17', '27.100', '0', 'Pagamento', 71, 71, 1, NULL, 167.80, NULL, 'Relatorios 06-2026 - Bruto(1)'),
(298, '2026-06-30', '2026-06-30', NULL, '0', '2026-06-30', '2026-06-30 11:06:44', '27.101', '0', 'Pagamento', 4, 4, 1, NULL, 40.00, NULL, 'Relatorios 06-2026 - Bruto(1)'),
(299, '2026-06-30', '2026-06-30', NULL, '0', '2026-06-30', '2026-06-30 15:24:06', '27.102', '0', 'Pagamento', 76, 77, 1, NULL, 743.00, NULL, 'Relatorios 06-2026 - Bruto(1)'),
(300, '2026-06-30', '2026-06-30', NULL, '0', '2026-06-30', '2026-06-30 15:24:58', '27.103', '0', 'Pagamento', 77, 78, 1, NULL, 1485.00, NULL, 'Relatorios 06-2026 - Bruto(1)'),
(301, '2026-06-30', '2026-06-30', NULL, '0', '2026-06-30', '2026-06-30 15:26:15', '27.104', '0', 'Pagamento', 21, 4, 1, NULL, 710.00, NULL, 'Relatorios 06-2026 - Bruto(1)'),
(302, '2026-06-30', '2026-06-30', NULL, '0', '2026-06-30', '2026-06-30 13:35:52', '27.105', '0', 'Pagamento', 14, 4, 1, NULL, 38.00, NULL, 'Relatorios 06-2026 - Bruto(1)'),
(303, '2026-06-30', '2026-06-30', NULL, '0', '2026-06-30', '2026-06-30 14:24:16', '27.106', '0', 'Pagamento', 78, 79, 1, NULL, 32.45, NULL, 'Relatorios 06-2026 - Bruto(1)'),
(304, '2026-06-30', '2026-06-30', NULL, '0', '2026-06-30', '2026-06-30 15:53:00', '27.107', '0', 'Pagamento', 14, 4, 1, NULL, 24.00, NULL, 'Relatorios 06-2026 - Bruto(1)'),
(305, '2026-06-30', '2026-06-30', NULL, '0', '2026-06-30', '2026-06-30 16:23:43', '27.108', '0', 'Pagamento', 42, 2, 3, NULL, 9.80, NULL, 'Relatorios 06-2026 - Bruto(1)'),
(306, '2026-06-30', '2026-06-30', NULL, '0', '2026-06-30', '2026-06-30 16:26:25', '27.109', '0', 'Pagamento', 11, 2, 3, NULL, 44.20, 'Potengi', 'Relatorios 06-2026 - Bruto(1)'),
(307, '2026-06-30', '2026-06-30', NULL, '0', '2026-06-30', '2026-06-30 17:17:23', '27.110', '0', 'Pagamento', 3, 3, 2, NULL, 60.00, 'Labore', 'Relatorios 06-2026 - Bruto(1)'),
(308, '2026-06-30', '2026-06-30', NULL, '0', '2026-06-30', '2026-06-30 17:17:51', '27.111', '0', 'Pagamento', 3, 3, 2, NULL, 30.00, 'Labore', 'Relatorios 06-2026 - Bruto(1)');

CREATE OR REPLACE VIEW vw_gastos_por_fornecedor AS
SELECT f.nome AS fornecedor, COUNT(*) AS qtd_lancamentos, SUM(l.valor) AS total
FROM lancamentos l
JOIN fornecedores f ON f.id = l.fornecedor_id
GROUP BY f.id, f.nome
ORDER BY total DESC;

CREATE OR REPLACE VIEW vw_gastos_por_categoria AS
SELECT c.nome AS categoria, c.cidade_inferida, COUNT(*) AS qtd_lancamentos, SUM(l.valor) AS total
FROM lancamentos l
JOIN categorias c ON c.id = l.categoria_id
GROUP BY c.id, c.nome, c.cidade_inferida
ORDER BY total DESC;

CREATE OR REPLACE VIEW vw_gastos_por_cidade AS
SELECT COALESCE(NULLIF(l.cidade_inferida, ''), 'SEM CIDADE') AS cidade, COUNT(*) AS qtd_lancamentos, SUM(l.valor) AS total
FROM lancamentos l
GROUP BY COALESCE(NULLIF(l.cidade_inferida, ''), 'SEM CIDADE')
ORDER BY total DESC;
